ROI,ID,subROI,ROI_x1,ROI_y1,ROI_x2,ROI_y2,Angle,Analysis Method,First Quartile,Median,Third Quartile,image path
0,0,0,505.58264462809916,560.5389610389611,825.3748524203072,947.6558441558441,0.0,Gaussian,196.9960021787466,197.64008490237063,199.36987909825393,/Volumes/krauss/Callum/p and g/Libra_Data/20230810-000004/20230810-000004.png
0,1,0,505.58264462809916,560.5389610389611,825.3748524203072,947.6558441558441,0.0,Gaussian,196.89778582301446,197.6660769956452,199.71496917336975,/Volumes/krauss/Callum/p and g/Libra_Data/20230810-000004/20230810-001015.png
0,2,0,505.58264462809916,560.5389610389611,825.3748524203072,947.6558441558441,0.0,Gaussian,197.1169853611556,197.8515556681871,199.67894281515836,/Volumes/krauss/Callum/p and g/Libra_Data/20230810-000004/20230810-002026.png
0,3,0,505.58264462809916,560.5389610389611,825.3748524203072,947.6558441558441,0.0,Gaussian,197.2874502195415,197.98947317094692,200.36364230289968,/Volumes/krauss/Callum/p and g/Libra_Data/20230810-000004/20230810-003036.png
0,4,0,505.58264462809916,560.5389610389611,825.3748524203072,947.6558441558441,0.0,Gaussian,197.43592528753783,198.10303666792228,200.56462865071617,/Volumes/krauss/Callum/p and g/Libra_Data/20230810-000004/20230810-004046.png
0,5,0,505.58264462809916,560.5389610389611,825.3748524203072,947.6558441558441,0.0,Gaussian,197.62059924728027,198.15850762297455,200.72158630980454,/Volumes/krauss/Callum/p and g/Libra_Data/20230810-000004/20230810-005057.png
0,6,0,505.58264462809916,560.5389610389611,825.3748524203072,947.6558441558441,0.0,Gaussian,197.7096045697203,198.26579356106808,200.73773103821972,/Volumes/krauss/Callum/p and g/Libra_Data/20230810-000004/20230810-010108.png
0,7,0,505.58264462809916,560.5389610389611,825.3748524203072,947.6558441558441,0.0,Gaussian,197.88872899011156,198.59925276149676,200.88071268553784,/Volumes/krauss/Callum/p and g/Libra_Data/20230810-000004/20230810-011118.png
0,8,0,505.58264462809916,560.5389610389611,825.3748524203072,947.6558441558441,0.0,Gaussian,198.03932998059125,198.534796345127,201.2480417908049,/Volumes/krauss/Callum/p and g/Libra_Data/20230810-000004/20230810-012129.png
0,9,0,505.58264462809916,560.5389610389611,825.3748524203072,947.6558441558441,0.0,Gaussian,198.30529053824137,198.71256331619708,201.3112183236889,/Volumes/krauss/Callum/p and g/Libra_Data/20230810-000004/20230810-013140.png
0,10,0,505.58264462809916,560.5389610389611,825.3748524203072,947.6558441558441,0.0,Gaussian,198.44382955269077,198.93390195972708,201.56044716787207,/Volumes/krauss/Callum/p and g/Libra_Data/20230810-000004/20230810-014150.png
0,11,0,505.58264462809916,560.5389610389611,825.3748524203072,947.6558441558441,0.0,Gaussian,198.59015461492905,199.16149659461394,201.56044904206587,/Volumes/krauss/Callum/p and g/Libra_Data/20230810-000004/20230810-015200.png
0,12,0,505.58264462809916,560.5389610389611,825.3748524203072,947.6558441558441,0.0,Gaussian,198.67248648999822,199.12213549891553,202.1517655205695,/Volumes/krauss/Callum/p and g/Libra_Data/20230810-000004/20230810-020210.png
0,13,0,505.58264462809916,560.5389610389611,825.3748524203072,947.6558441558441,0.0,Gaussian,198.73274617196455,199.2217815558528,201.77173891734296,/Volumes/krauss/Callum/p and g/Libra_Data/20230810-000004/20230810-021220.png
0,14,0,505.58264462809916,560.5389610389611,825.3748524203072,947.6558441558441,0.0,Gaussian,198.92737731372745,199.54362747191664,202.03912960230454,/Volumes/krauss/Callum/p and g/Libra_Data/20230810-000004/20230810-022231.png
0,15,0,505.58264462809916,560.5389610389611,825.3748524203072,947.6558441558441,0.0,Gaussian,199.05117845010625,199.61936441041016,202.16438671754702,/Volumes/krauss/Callum/p and g/Libra_Data/20230810-000004/20230810-023241.png
0,16,0,505.58264462809916,560.5389610389611,825.3748524203072,947.6558441558441,0.0,Gaussian,199.33841616931852,199.71168407541813,202.2662128122771,/Volumes/krauss/Callum/p and g/Libra_Data/20230810-000004/20230810-024251.png
0,17,0,505.58264462809916,560.5389610389611,825.3748524203072,947.6558441558441,0.0,Gaussian,199.4017956175789,199.863141782123,202.38451249968452,/Volumes/krauss/Callum/p and g/Libra_Data/20230810-000004/20230810-025301.png
0,18,0,505.58264462809916,560.5389610389611,825.3748524203072,947.6558441558441,0.0,Gaussian,199.52262695062998,199.97340376103838,202.5648027002892,/Volumes/krauss/Callum/p and g/Libra_Data/20230810-000004/20230810-030311.png
0,19,0,505.58264462809916,560.5389610389611,825.3748524203072,947.6558441558441,0.0,Gaussian,199.71452333848006,200.3447856517614,202.58334093418512,/Volumes/krauss/Callum/p and g/Libra_Data/20230810-000004/20230810-031321.png
0,20,0,505.58264462809916,560.5389610389611,825.3748524203072,947.6558441558441,0.0,Gaussian,199.90616579239253,200.44599521344654,202.61268635774957,/Volumes/krauss/Callum/p and g/Libra_Data/20230810-000004/20230810-032331.png
0,21,0,505.58264462809916,560.5389610389611,825.3748524203072,947.6558441558441,0.0,Gaussian,199.9040176182933,200.46188325359725,203.00036892748693,/Volumes/krauss/Callum/p and g/Libra_Data/20230810-000004/20230810-033342.png
0,22,0,505.58264462809916,560.5389610389611,825.3748524203072,947.6558441558441,0.0,Gaussian,200.00918604490218,200.48219743908268,203.08494022884335,/Volumes/krauss/Callum/p and g/Libra_Data/20230810-000004/20230810-034352.png
0,23,0,505.58264462809916,560.5389610389611,825.3748524203072,947.6558441558441,0.0,Gaussian,200.3250517909448,200.8569000155821,202.8980433118195,/Volumes/krauss/Callum/p and g/Libra_Data/20230810-000004/20230810-035402.png
0,24,0,505.58264462809916,560.5389610389611,825.3748524203072,947.6558441558441,0.0,Gaussian,200.41966936219603,200.98960316668337,203.2140391930729,/Volumes/krauss/Callum/p and g/Libra_Data/20230810-000004/20230810-040412.png
0,25,0,505.58264462809916,560.5389610389611,825.3748524203072,947.6558441558441,0.0,Gaussian,200.71570467106028,201.2096522770955,203.34608087587668,/Volumes/krauss/Callum/p and g/Libra_Data/20230810-000004/20230810-041422.png
0,26,0,505.58264462809916,560.5389610389611,825.3748524203072,947.6558441558441,0.0,Gaussian,200.95998533754403,201.50070134518657,203.5216947667432,/Volumes/krauss/Callum/p and g/Libra_Data/20230810-000004/20230810-042432.png
0,27,0,505.58264462809916,560.5389610389611,825.3748524203072,947.6558441558441,0.0,Gaussian,201.212249024577,201.56053840117457,203.49782976776925,/Volumes/krauss/Callum/p and g/Libra_Data/20230810-000004/20230810-043442.png
0,28,0,505.58264462809916,560.5389610389611,825.3748524203072,947.6558441558441,0.0,Gaussian,201.20497363752688,201.7202701669895,203.77904720336326,/Volumes/krauss/Callum/p and g/Libra_Data/20230810-000004/20230810-044452.png
0,29,0,505.58264462809916,560.5389610389611,825.3748524203072,947.6558441558441,0.0,Gaussian,201.083616399717,201.53643574902213,203.35912734003935,/Volumes/krauss/Callum/p and g/Libra_Data/20230810-000004/20230810-045503.png
0,30,0,505.58264462809916,560.5389610389611,825.3748524203072,947.6558441558441,0.0,Gaussian,201.01579395360076,201.571900854162,203.51268935017242,/Volumes/krauss/Callum/p and g/Libra_Data/20230810-000004/20230810-050513.png
0,31,0,505.58264462809916,560.5389610389611,825.3748524203072,947.6558441558441,0.0,Gaussian,200.8748864419377,201.27310201054792,203.39468432358143,/Volumes/krauss/Callum/p and g/Libra_Data/20230810-000004/20230810-051523.png
0,32,0,505.58264462809916,560.5389610389611,825.3748524203072,947.6558441558441,0.0,Gaussian,200.86334364413855,201.30906688543777,203.5244807989099,/Volumes/krauss/Callum/p and g/Libra_Data/20230810-000004/20230810-052533.png
0,33,0,505.58264462809916,560.5389610389611,825.3748524203072,947.6558441558441,0.0,Gaussian,200.93376295453734,201.4662972655251,203.54729638898067,/Volumes/krauss/Callum/p and g/Libra_Data/20230810-000004/20230810-053544.png
0,34,0,505.58264462809916,560.5389610389611,825.3748524203072,947.6558441558441,0.0,Gaussian,200.84277539679493,201.26755206061696,203.72550109298254,/Volumes/krauss/Callum/p and g/Libra_Data/20230810-000004/20230810-054554.png
0,35,0,505.58264462809916,560.5389610389611,825.3748524203072,947.6558441558441,0.0,Gaussian,200.82754621318736,201.46661389619132,203.6722469140973,/Volumes/krauss/Callum/p and g/Libra_Data/20230810-000004/20230810-055604.png
0,36,0,505.58264462809916,560.5389610389611,825.3748524203072,947.6558441558441,0.0,Gaussian,200.81837579060755,201.23464775120752,203.61894417520108,/Volumes/krauss/Callum/p and g/Libra_Data/20230810-000004/20230810-060614.png
0,37,0,505.58264462809916,560.5389610389611,825.3748524203072,947.6558441558441,0.0,Gaussian,201.01933775745027,201.51474640990637,203.5370280787209,/Volumes/krauss/Callum/p and g/Libra_Data/20230810-000004/20230810-061625.png
0,38,0,505.58264462809916,560.5389610389611,825.3748524203072,947.6558441558441,0.0,Gaussian,200.78345888413608,201.37718964813655,203.68076143940885,/Volumes/krauss/Callum/p and g/Libra_Data/20230810-000004/20230810-062635.png
0,39,0,505.58264462809916,560.5389610389611,825.3748524203072,947.6558441558441,0.0,Gaussian,200.92503455945172,201.3278980753806,203.7206965665146,/Volumes/krauss/Callum/p and g/Libra_Data/20230810-000004/20230810-063646.png
0,40,0,505.58264462809916,560.5389610389611,825.3748524203072,947.6558441558441,0.0,Gaussian,200.74468782565498,201.2306432576897,203.45051179255603,/Volumes/krauss/Callum/p and g/Libra_Data/20230810-000004/20230810-064656.png
0,41,0,505.58264462809916,560.5389610389611,825.3748524203072,947.6558441558441,0.0,Gaussian,200.54051230428033,201.0491570286324,203.45578818506766,/Volumes/krauss/Callum/p and g/Libra_Data/20230810-000004/20230810-065706.png
0,42,0,505.58264462809916,560.5389610389611,825.3748524203072,947.6558441558441,0.0,Gaussian,200.1587344971961,200.78944802034096,203.2844741057524,/Volumes/krauss/Callum/p and g/Libra_Data/20230810-000004/20230810-070716.png
0,43,0,505.58264462809916,560.5389610389611,825.3748524203072,947.6558441558441,0.0,Gaussian,200.15191840220422,200.93973351406586,203.25725178942182,/Volumes/krauss/Callum/p and g/Libra_Data/20230810-000004/20230810-071726.png
0,44,0,505.58264462809916,560.5389610389611,825.3748524203072,947.6558441558441,0.0,Gaussian,199.98696298264042,200.43559026949376,203.13231926902586,/Volumes/krauss/Callum/p and g/Libra_Data/20230810-000004/20230810-072737.png
0,45,0,505.58264462809916,560.5389610389611,825.3748524203072,947.6558441558441,0.0,Gaussian,199.7860753999619,200.34338694014767,202.53742150813648,/Volumes/krauss/Callum/p and g/Libra_Data/20230810-000004/20230810-073747.png
0,46,0,505.58264462809916,560.5389610389611,825.3748524203072,947.6558441558441,0.0,Gaussian,199.60644067343176,200.24253965385736,202.05196150300995,/Volumes/krauss/Callum/p and g/Libra_Data/20230810-000004/20230810-074758.png
0,47,0,505.58264462809916,560.5389610389611,825.3748524203072,947.6558441558441,0.0,Gaussian,199.40180833533734,200.0940014330527,201.62950641532314,/Volumes/krauss/Callum/p and g/Libra_Data/20230810-000004/20230810-075808.png
0,48,0,505.58264462809916,560.5389610389611,825.3748524203072,947.6558441558441,0.0,Gaussian,199.2528861047973,199.89662404039066,201.61006962915198,/Volumes/krauss/Callum/p and g/Libra_Data/20230810-000004/20230810-080818.png
0,49,0,505.58264462809916,560.5389610389611,825.3748524203072,947.6558441558441,0.0,Gaussian,198.86300031631862,199.51470865767135,201.3075879610613,/Volumes/krauss/Callum/p and g/Libra_Data/20230810-000004/20230810-081828.png
0,50,0,505.58264462809916,560.5389610389611,825.3748524203072,947.6558441558441,0.0,Gaussian,198.66192475306394,199.25991665628771,200.19191331116136,/Volumes/krauss/Callum/p and g/Libra_Data/20230810-000004/20230810-082839.png
0,51,0,505.58264462809916,560.5389610389611,825.3748524203072,947.6558441558441,0.0,Gaussian,198.226854208076,198.99123828106607,200.04486276209383,/Volumes/krauss/Callum/p and g/Libra_Data/20230810-000004/20230810-083849.png
0,52,0,505.58264462809916,560.5389610389611,825.3748524203072,947.6558441558441,0.0,Gaussian,197.8815603452633,198.6022050708018,199.28700400539387,/Volumes/krauss/Callum/p and g/Libra_Data/20230810-000004/20230810-084859.png
0,53,0,505.58264462809916,560.5389610389611,825.3748524203072,947.6558441558441,0.0,Gaussian,197.65423693467199,198.19006482864273,199.07791865434712,/Volumes/krauss/Callum/p and g/Libra_Data/20230810-000004/20230810-085910.png
0,54,0,505.58264462809916,560.5389610389611,825.3748524203072,947.6558441558441,0.0,Gaussian,197.10181738616723,197.7864025367522,198.8103625338851,/Volumes/krauss/Callum/p and g/Libra_Data/20230810-000004/20230810-090920.png
0,55,0,505.58264462809916,560.5389610389611,825.3748524203072,947.6558441558441,0.0,Gaussian,196.45451682935732,196.99757423998145,198.2405156423448,/Volumes/krauss/Callum/p and g/Libra_Data/20230810-000004/20230810-091930.png
0,56,0,505.58264462809916,560.5389610389611,825.3748524203072,947.6558441558441,0.0,Gaussian,196.11629541864062,196.82979472568806,198.3572685563884,/Volumes/krauss/Callum/p and g/Libra_Data/20230810-000004/20230810-092941.png
0,57,0,505.58264462809916,560.5389610389611,825.3748524203072,947.6558441558441,0.0,Gaussian,195.54544353685864,196.1228475862364,197.89985820921984,/Volumes/krauss/Callum/p and g/Libra_Data/20230810-000004/20230810-093952.png
0,58,0,505.58264462809916,560.5389610389611,825.3748524203072,947.6558441558441,0.0,Gaussian,194.9372732310802,195.73862987582496,197.5772042583678,/Volumes/krauss/Callum/p and g/Libra_Data/20230810-000004/20230810-095002.png
0,59,0,505.58264462809916,560.5389610389611,825.3748524203072,947.6558441558441,0.0,Gaussian,194.4266061947005,195.31783468646745,197.2584741025776,/Volumes/krauss/Callum/p and g/Libra_Data/20230810-000004/20230810-100013.png
0,60,0,505.58264462809916,560.5389610389611,825.3748524203072,947.6558441558441,0.0,Gaussian,193.89451788415417,194.58802453263402,196.79490347196108,/Volumes/krauss/Callum/p and g/Libra_Data/20230810-000004/20230810-101023.png
0,61,0,505.58264462809916,560.5389610389611,825.3748524203072,947.6558441558441,0.0,Gaussian,193.09834558337622,193.83879647052729,196.0919075797552,/Volumes/krauss/Callum/p and g/Libra_Data/20230810-000004/20230810-102034.png
0,62,0,505.58264462809916,560.5389610389611,825.3748524203072,947.6558441558441,0.0,Gaussian,192.83953086530246,193.45488220500638,195.48370533026497,/Volumes/krauss/Callum/p and g/Libra_Data/20230810-000004/20230810-103045.png
0,63,0,505.58264462809916,560.5389610389611,825.3748524203072,947.6558441558441,0.0,Gaussian,192.2556577266978,192.88518444203157,194.91578175747182,/Volumes/krauss/Callum/p and g/Libra_Data/20230810-000004/20230810-104055.png
0,64,0,505.58264462809916,560.5389610389611,825.3748524203072,947.6558441558441,0.0,Gaussian,191.37685362262778,192.02316457487422,194.0534466869321,/Volumes/krauss/Callum/p and g/Libra_Data/20230810-000004/20230810-105106.png
0,65,0,505.58264462809916,560.5389610389611,825.3748524203072,947.6558441558441,0.0,Gaussian,188.90730269530806,190.61471000932116,192.39492746807028,/Volumes/krauss/Callum/p and g/Libra_Data/20230810-000004/20230810-110117.png
0,66,0,505.58264462809916,560.5389610389611,825.3748524203072,947.6558441558441,0.0,Gaussian,187.80286461024872,189.20913445017743,191.65330898253174,/Volumes/krauss/Callum/p and g/Libra_Data/20230810-000004/20230810-111127.png
0,67,0,505.58264462809916,560.5389610389611,825.3748524203072,947.6558441558441,0.0,Gaussian,186.88595233058655,188.08927837566404,189.9843110518417,/Volumes/krauss/Callum/p and g/Libra_Data/20230810-000004/20230810-112138.png
0,68,0,505.58264462809916,560.5389610389611,825.3748524203072,947.6558441558441,0.0,Gaussian,187.4929528426071,189.23879594027633,191.69544442916882,/Volumes/krauss/Callum/p and g/Libra_Data/20230810-000004/20230810-113149.png
0,69,0,505.58264462809916,560.5389610389611,825.3748524203072,947.6558441558441,0.0,Gaussian,188.2933522742379,189.75248967824297,192.204475941721,/Volumes/krauss/Callum/p and g/Libra_Data/20230810-000004/20230810-114159.png
0,70,0,505.58264462809916,560.5389610389611,825.3748524203072,947.6558441558441,0.0,Gaussian,188.68299488566748,190.42069608481464,192.28720628477578,/Volumes/krauss/Callum/p and g/Libra_Data/20230810-000004/20230810-115210.png
0,71,0,505.58264462809916,560.5389610389611,825.3748524203072,947.6558441558441,0.0,Gaussian,188.44651903846906,190.07383455878573,192.07672717495313,/Volumes/krauss/Callum/p and g/Libra_Data/20230810-000004/20230810-120220.png
0,72,0,505.58264462809916,560.5389610389611,825.3748524203072,947.6558441558441,0.0,Gaussian,187.89117109576318,189.87771658440047,191.62581989162277,/Volumes/krauss/Callum/p and g/Libra_Data/20230810-000004/20230810-121231.png
0,73,0,505.58264462809916,560.5389610389611,825.3748524203072,947.6558441558441,0.0,Gaussian,188.04628491424222,189.85269014754005,191.7695726802564,/Volumes/krauss/Callum/p and g/Libra_Data/20230810-000004/20230810-122242.png
0,74,0,505.58264462809916,560.5389610389611,825.3748524203072,947.6558441558441,0.0,Gaussian,188.59005720623594,190.8520601713874,191.803703485762,/Volumes/krauss/Callum/p and g/Libra_Data/20230810-000004/20230810-123253.png
0,75,0,505.58264462809916,560.5389610389611,825.3748524203072,947.6558441558441,0.0,Gaussian,188.13847647145496,189.61915197618106,191.6174372386052,/Volumes/krauss/Callum/p and g/Libra_Data/20230810-000004/20230810-124303.png
0,76,0,505.58264462809916,560.5389610389611,825.3748524203072,947.6558441558441,0.0,Gaussian,187.85399485600865,189.7916410850117,191.86809359022882,/Volumes/krauss/Callum/p and g/Libra_Data/20230810-000004/20230810-125314.png
0,77,0,505.58264462809916,560.5389610389611,825.3748524203072,947.6558441558441,0.0,Gaussian,187.42503061998627,189.09068426431642,191.34343878567628,/Volumes/krauss/Callum/p and g/Libra_Data/20230810-000004/20230810-130324.png
0,78,0,505.58264462809916,560.5389610389611,825.3748524203072,947.6558441558441,0.0,Gaussian,186.494065400361,188.42051070505676,190.42404839364693,/Volumes/krauss/Callum/p and g/Libra_Data/20230810-000004/20230810-131335.png
0,79,0,505.58264462809916,560.5389610389611,825.3748524203072,947.6558441558441,0.0,Gaussian,182.55489082592098,183.87589818856807,185.2508457287373,/Volumes/krauss/Callum/p and g/Libra_Data/20230810-000004/20230810-132345.png
0,80,0,505.58264462809916,560.5389610389611,825.3748524203072,947.6558441558441,0.0,Gaussian,180.53424822820728,182.04339766846542,183.1904308773272,/Volumes/krauss/Callum/p and g/Libra_Data/20230810-000004/20230810-133356.png
0,81,0,505.58264462809916,560.5389610389611,825.3748524203072,947.6558441558441,0.0,Gaussian,180.2760452795903,181.5610951489869,182.55479827914186,/Volumes/krauss/Callum/p and g/Libra_Data/20230810-000004/20230810-134406.png
0,82,0,505.58264462809916,560.5389610389611,825.3748524203072,947.6558441558441,0.0,Gaussian,179.74462768370583,180.92208066205671,182.1737912629542,/Volumes/krauss/Callum/p and g/Libra_Data/20230810-000004/20230810-135417.png
0,83,0,505.58264462809916,560.5389610389611,825.3748524203072,947.6558441558441,0.0,Gaussian,179.2511723293132,180.9312188059563,182.20783615653454,/Volumes/krauss/Callum/p and g/Libra_Data/20230810-000004/20230810-140428.png
0,84,0,505.58264462809916,560.5389610389611,825.3748524203072,947.6558441558441,0.0,Gaussian,178.00965020879966,179.53804590127834,181.5671011133747,/Volumes/krauss/Callum/p and g/Libra_Data/20230810-000004/20230810-141440.png
0,85,0,505.58264462809916,560.5389610389611,825.3748524203072,947.6558441558441,0.0,Gaussian,178.96688641395778,180.1343437053569,181.08040810178488,/Volumes/krauss/Callum/p and g/Libra_Data/20230810-000004/20230810-142451.png
0,86,0,505.58264462809916,560.5389610389611,825.3748524203072,947.6558441558441,0.0,Gaussian,176.62001877323888,178.71128147311546,179.8848708966387,/Volumes/krauss/Callum/p and g/Libra_Data/20230810-000004/20230810-143502.png
0,87,0,505.58264462809916,560.5389610389611,825.3748524203072,947.6558441558441,0.0,Gaussian,176.30344159260008,177.99331472168288,179.05036697222707,/Volumes/krauss/Callum/p and g/Libra_Data/20230810-000004/20230810-144513.png
0,88,0,505.58264462809916,560.5389610389611,825.3748524203072,947.6558441558441,0.0,Gaussian,175.67258516439415,176.76000249764454,177.89320332442293,/Volumes/krauss/Callum/p and g/Libra_Data/20230810-000004/20230810-145523.png
0,89,0,505.58264462809916,560.5389610389611,825.3748524203072,947.6558441558441,0.0,Gaussian,175.83443176715423,176.8589985753059,178.158596578515,/Volumes/krauss/Callum/p and g/Libra_Data/20230810-000004/20230810-150534.png
0,90,0,505.58264462809916,560.5389610389611,825.3748524203072,947.6558441558441,0.0,Gaussian,176.2807014525668,177.31058086620655,178.66551976146582,/Volumes/krauss/Callum/p and g/Libra_Data/20230810-000004/20230810-151546.png
0,91,0,505.58264462809916,560.5389610389611,825.3748524203072,947.6558441558441,0.0,Gaussian,177.070893608891,178.09885145899136,179.3386794750043,/Volumes/krauss/Callum/p and g/Libra_Data/20230810-000004/20230810-152558.png
0,92,0,505.58264462809916,560.5389610389611,825.3748524203072,947.6558441558441,0.0,Gaussian,178.24737016265289,180.03183849703618,180.95748832319006,/Volumes/krauss/Callum/p and g/Libra_Data/20230810-000004/20230810-153609.png
0,93,0,505.58264462809916,560.5389610389611,825.3748524203072,947.6558441558441,0.0,Gaussian,180.14425084449832,181.6638963317265,182.76304091117495,/Volumes/krauss/Callum/p and g/Libra_Data/20230810-000004/20230810-154620.png
0,94,0,505.58264462809916,560.5389610389611,825.3748524203072,947.6558441558441,0.0,Gaussian,180.80388889430824,181.97154471858454,183.19063191981982,/Volumes/krauss/Callum/p and g/Libra_Data/20230810-000004/20230810-155632.png
0,95,0,505.58264462809916,560.5389610389611,825.3748524203072,947.6558441558441,0.0,Gaussian,179.2908768224442,180.96775751134746,182.91834340336018,/Volumes/krauss/Callum/p and g/Libra_Data/20230810-000004/20230810-160643.png
0,96,0,505.58264462809916,560.5389610389611,825.3748524203072,947.6558441558441,0.0,Gaussian,180.37556467403448,182.17653749307362,183.56239447892997,/Volumes/krauss/Callum/p and g/Libra_Data/20230810-000004/20230810-161654.png
0,97,0,505.58264462809916,560.5389610389611,825.3748524203072,947.6558441558441,0.0,Gaussian,181.23024762756344,182.79951902831758,184.38677378277197,/Volumes/krauss/Callum/p and g/Libra_Data/20230810-000004/20230810-162705.png
0,98,0,505.58264462809916,560.5389610389611,825.3748524203072,947.6558441558441,0.0,Gaussian,181.77681735116678,183.85010428900395,185.09553182666508,/Volumes/krauss/Callum/p and g/Libra_Data/20230810-000004/20230810-163715.png
0,99,0,505.58264462809916,560.5389610389611,825.3748524203072,947.6558441558441,0.0,Gaussian,182.60336514799457,184.01154042238872,186.0207329742021,/Volumes/krauss/Callum/p and g/Libra_Data/20230810-000004/20230810-164726.png
0,100,0,505.58264462809916,560.5389610389611,825.3748524203072,947.6558441558441,0.0,Gaussian,183.23319727497508,184.9042288196635,186.383077268685,/Volumes/krauss/Callum/p and g/Libra_Data/20230810-000004/20230810-165737.png
0,101,0,505.58264462809916,560.5389610389611,825.3748524203072,947.6558441558441,0.0,Gaussian,183.66460553244218,185.36384264582904,186.3125291109164,/Volumes/krauss/Callum/p and g/Libra_Data/20230810-000004/20230810-170747.png
0,102,0,505.58264462809916,560.5389610389611,825.3748524203072,947.6558441558441,0.0,Gaussian,184.22636820824965,185.49166476370382,187.09957767252791,/Volumes/krauss/Callum/p and g/Libra_Data/20230810-000004/20230810-171757.png
0,103,0,505.58264462809916,560.5389610389611,825.3748524203072,947.6558441558441,0.0,Gaussian,184.43589514377018,185.88341485634493,187.5720447079262,/Volumes/krauss/Callum/p and g/Libra_Data/20230810-000004/20230810-172808.png
0,104,0,505.58264462809916,560.5389610389611,825.3748524203072,947.6558441558441,0.0,Gaussian,184.74722877984408,185.71775794033042,188.28790093249012,/Volumes/krauss/Callum/p and g/Libra_Data/20230810-000004/20230810-173818.png
0,105,0,505.58264462809916,560.5389610389611,825.3748524203072,947.6558441558441,0.0,Gaussian,185.04283247212706,185.86144043456488,188.0304946844601,/Volumes/krauss/Callum/p and g/Libra_Data/20230810-000004/20230810-174829.png
0,106,0,505.58264462809916,560.5389610389611,825.3748524203072,947.6558441558441,0.0,Gaussian,184.98239544287998,185.99983903439386,188.8589472221783,/Volumes/krauss/Callum/p and g/Libra_Data/20230810-000004/20230810-175839.png
0,107,0,505.58264462809916,560.5389610389611,825.3748524203072,947.6558441558441,0.0,Gaussian,185.36323377859324,186.59547252906418,189.33556627961786,/Volumes/krauss/Callum/p and g/Libra_Data/20230810-000004/20230810-180850.png
0,108,0,505.58264462809916,560.5389610389611,825.3748524203072,947.6558441558441,0.0,Gaussian,185.5613519069949,186.71874109276845,189.6413419121932,/Volumes/krauss/Callum/p and g/Libra_Data/20230810-000004/20230810-181900.png
0,109,0,505.58264462809916,560.5389610389611,825.3748524203072,947.6558441558441,0.0,Gaussian,185.8352549522279,187.37282915909944,189.95557669020002,/Volumes/krauss/Callum/p and g/Libra_Data/20230810-000004/20230810-182911.png
0,110,0,505.58264462809916,560.5389610389611,825.3748524203072,947.6558441558441,0.0,Gaussian,186.12329753910694,187.80262223901525,190.2238297192288,/Volumes/krauss/Callum/p and g/Libra_Data/20230810-000004/20230810-183921.png
0,111,0,505.58264462809916,560.5389610389611,825.3748524203072,947.6558441558441,0.0,Gaussian,186.78802200585343,188.04140586952178,190.60566335448345,/Volumes/krauss/Callum/p and g/Libra_Data/20230810-000004/20230810-184932.png
0,112,0,505.58264462809916,560.5389610389611,825.3748524203072,947.6558441558441,0.0,Gaussian,187.17600224372904,188.25736407413498,190.84814281559417,/Volumes/krauss/Callum/p and g/Libra_Data/20230810-000004/20230810-185943.png
0,113,0,505.58264462809916,560.5389610389611,825.3748524203072,947.6558441558441,0.0,Gaussian,187.318775123886,188.50562176313522,190.77898163072703,/Volumes/krauss/Callum/p and g/Libra_Data/20230810-000004/20230810-190954.png
0,114,0,505.58264462809916,560.5389610389611,825.3748524203072,947.6558441558441,0.0,Gaussian,187.67306238829892,188.75422510770198,190.85948093897474,/Volumes/krauss/Callum/p and g/Libra_Data/20230810-000004/20230810-192004.png
0,115,0,505.58264462809916,560.5389610389611,825.3748524203072,947.6558441558441,0.0,Gaussian,187.8500817843972,188.94895289912026,191.10768239032822,/Volumes/krauss/Callum/p and g/Libra_Data/20230810-000004/20230810-193015.png
0,116,0,505.58264462809916,560.5389610389611,825.3748524203072,947.6558441558441,0.0,Gaussian,188.04047325791635,189.1741132549551,191.0265415684511,/Volumes/krauss/Callum/p and g/Libra_Data/20230810-000004/20230810-194025.png
0,117,0,505.58264462809916,560.5389610389611,825.3748524203072,947.6558441558441,0.0,Gaussian,188.3543765370606,189.34067759989264,191.68651685499793,/Volumes/krauss/Callum/p and g/Libra_Data/20230810-000004/20230810-195036.png
0,118,0,505.58264462809916,560.5389610389611,825.3748524203072,947.6558441558441,0.0,Gaussian,188.62312019855116,189.2652552730363,192.0550185795776,/Volumes/krauss/Callum/p and g/Libra_Data/20230810-000004/20230810-200046.png
0,119,0,505.58264462809916,560.5389610389611,825.3748524203072,947.6558441558441,0.0,Gaussian,189.11059022006597,189.61548346727085,191.9438094187738,/Volumes/krauss/Callum/p and g/Libra_Data/20230810-000004/20230810-201056.png
0,120,0,505.58264462809916,560.5389610389611,825.3748524203072,947.6558441558441,0.0,Gaussian,189.13949920930517,189.80138192581632,192.27253109842172,/Volumes/krauss/Callum/p and g/Libra_Data/20230810-000004/20230810-202107.png
0,121,0,505.58264462809916,560.5389610389611,825.3748524203072,947.6558441558441,0.0,Gaussian,189.49532316707052,190.2419366630581,192.77590847024106,/Volumes/krauss/Callum/p and g/Libra_Data/20230810-000004/20230810-203117.png
0,122,0,505.58264462809916,560.5389610389611,825.3748524203072,947.6558441558441,0.0,Gaussian,189.4767508249755,190.4937876856257,192.91684260472897,/Volumes/krauss/Callum/p and g/Libra_Data/20230810-000004/20230810-204128.png
0,123,0,505.58264462809916,560.5389610389611,825.3748524203072,947.6558441558441,0.0,Gaussian,189.69391599982177,190.45327291404365,193.19812609132546,/Volumes/krauss/Callum/p and g/Libra_Data/20230810-000004/20230810-205138.png
0,124,0,505.58264462809916,560.5389610389611,825.3748524203072,947.6558441558441,0.0,Gaussian,189.84318742226552,190.4677609893464,193.2901917613957,/Volumes/krauss/Callum/p and g/Libra_Data/20230810-000004/20230810-210149.png
0,125,0,505.58264462809916,560.5389610389611,825.3748524203072,947.6558441558441,0.0,Gaussian,189.92290939682687,190.72636318383246,193.34275305662132,/Volumes/krauss/Callum/p and g/Libra_Data/20230810-000004/20230810-211159.png
0,126,0,505.58264462809916,560.5389610389611,825.3748524203072,947.6558441558441,0.0,Gaussian,189.86201178051155,190.91265157377606,193.76124898427486,/Volumes/krauss/Callum/p and g/Libra_Data/20230810-000004/20230810-212210.png
0,127,0,505.58264462809916,560.5389610389611,825.3748524203072,947.6558441558441,0.0,Gaussian,190.20385991103498,190.87765886015836,193.9010822338603,/Volumes/krauss/Callum/p and g/Libra_Data/20230810-000004/20230810-213221.png
0,128,0,505.58264462809916,560.5389610389611,825.3748524203072,947.6558441558441,0.0,Gaussian,190.2761607173994,190.9722146023714,193.8523714733743,/Volumes/krauss/Callum/p and g/Libra_Data/20230810-000004/20230810-214231.png
0,129,0,505.58264462809916,560.5389610389611,825.3748524203072,947.6558441558441,0.0,Gaussian,190.22206373739544,191.37628877680675,193.6975674752825,/Volumes/krauss/Callum/p and g/Libra_Data/20230810-000004/20230810-215242.png
0,130,0,505.58264462809916,560.5389610389611,825.3748524203072,947.6558441558441,0.0,Gaussian,190.49898704648584,191.50371886444736,193.8778553227937,/Volumes/krauss/Callum/p and g/Libra_Data/20230810-000004/20230810-220252.png
0,131,0,505.58264462809916,560.5389610389611,825.3748524203072,947.6558441558441,0.0,Gaussian,190.63132411942922,191.47689495962263,194.53611255483037,/Volumes/krauss/Callum/p and g/Libra_Data/20230810-000004/20230810-221302.png
0,132,0,505.58264462809916,560.5389610389611,825.3748524203072,947.6558441558441,0.0,Gaussian,190.7206422184193,191.99617899739755,194.5144883568214,/Volumes/krauss/Callum/p and g/Libra_Data/20230810-000004/20230810-222313.png
0,133,0,505.58264462809916,560.5389610389611,825.3748524203072,947.6558441558441,0.0,Gaussian,190.9571499675904,191.64144166380848,194.47208955533023,/Volumes/krauss/Callum/p and g/Libra_Data/20230810-000004/20230810-223323.png
0,134,0,505.58264462809916,560.5389610389611,825.3748524203072,947.6558441558441,0.0,Gaussian,190.81807308379038,191.80671693674051,194.57052590166404,/Volumes/krauss/Callum/p and g/Libra_Data/20230810-000004/20230810-224334.png
0,135,0,505.58264462809916,560.5389610389611,825.3748524203072,947.6558441558441,0.0,Gaussian,190.98217049623003,192.24043528028076,194.85262880412608,/Volumes/krauss/Callum/p and g/Libra_Data/20230810-000004/20230810-225344.png
0,136,0,505.58264462809916,560.5389610389611,825.3748524203072,947.6558441558441,0.0,Gaussian,191.18228548323347,192.1105672247513,194.75925362097436,/Volumes/krauss/Callum/p and g/Libra_Data/20230810-000004/20230810-230355.png
0,137,0,505.58264462809916,560.5389610389611,825.3748524203072,947.6558441558441,0.0,Gaussian,191.5278939305115,192.88851994630025,195.55672370049555,/Volumes/krauss/Callum/p and g/Libra_Data/20230810-000004/20230810-231406.png
0,138,0,505.58264462809916,560.5389610389611,825.3748524203072,947.6558441558441,0.0,Gaussian,191.9859371431822,193.00939113612824,195.75578958612866,/Volumes/krauss/Callum/p and g/Libra_Data/20230810-000004/20230810-232416.png
0,139,0,505.58264462809916,560.5389610389611,825.3748524203072,947.6558441558441,0.0,Gaussian,192.19868825499861,193.0284177784508,196.06024576421984,/Volumes/krauss/Callum/p and g/Libra_Data/20230810-000004/20230810-233427.png
0,140,0,505.58264462809916,560.5389610389611,825.3748524203072,947.6558441558441,0.0,Gaussian,192.60721085310666,193.42450154419544,196.07540692242648,/Volumes/krauss/Callum/p and g/Libra_Data/20230810-000004/20230810-234438.png
0,141,0,505.58264462809916,560.5389610389611,825.3748524203072,947.6558441558441,0.0,Gaussian,192.91054307049149,193.67334617641126,196.06666443522496,/Volumes/krauss/Callum/p and g/Libra_Data/20230810-000004/20230810-235448.png
